CustomerId,Name,EmailId,Age,Country
1,Xenos,dolor.nonummy@nostra.edu,49,United Arab Emirates
2,Malcolm,dui@Phasellusliberomauris.net,27,Saint Pierre and Miquelon
3,Michael,lorem@imperdiet.net,26,Saint Pierre and Miquelon
4,Isaiah,vulputate.nisi@laoreetlectusquis.com,23,French Southern Territories
5,Octavius,porttitor.interdum@sagittisNullam.org,23,Russian Federation
6,Christian,hendrerit.Donec@ligula.ca,30,Canada
7,Brody,erat@lacusMaurisnon.co.uk,60,Malaysia
8,Conan,ac@acarcuNunc.edu,56,Micronesia
9,Ivor,leo@ipsum.co.uk,37,Yemen
10,Felix,Duis.elementum@erat.org,55,French Guiana
11,Martin,porttitor.interdum.Sed@ornare.org,19,Wallis and Futuna
12,Abdul,amet@leoCrasvehicula.net,58,Bahamas
13,George,ornare.elit@semegetmassa.co.uk,19,New Zealand
14,Griffin,nisi.Cum.sociis@egestas.edu,25,Liechtenstein
15,Simon,Proin.sed@et.ca,40,Australia
16,Linus,interdum.Curabitur@semper.co.uk,34,Syria
17,Cairo,Ut.sagittis@netuset.edu,36,Jamaica
18,Xander,non.cursus.non@diamatpretium.edu,48,Poland
19,Barclay,eu@semper.org,46,Portugal
20,Ashton,arcu.Morbi.sit@nonloremvitae.ca,58,French Polynesia
21,Rafael,ligula.Aenean.gravida@atpedeCras.co.uk,21,Burundi
22,Hyatt,ante.Vivamus@dictumPhasellusin.com,25,Morocco
23,Ciaran,Nulla.semper@turpisegestasFusce.com,37,Yemen
24,Quamar,et.ultrices@lacusUtnec.org,59,Chad
25,Wing,erat.in.consectetuer@semutcursus.ca,53,Tajikistan
26,Sylvester,pretium.et.rutrum@Sed.edu,26,Guyana
27,Fuller,Mauris.non.dui@utaliquam.org,60,Grenada
28,Chadwick,at.pede@erat.com,43,Saint Barthélemy
29,Tobias,ornare.egestas.ligula@morbi.ca,25,Saint Barthélemy
30,Reece,Suspendisse@orci.ca,56,Moldova
31,Merrill,adipiscing.lacus@maurissitamet.org,47,Rwanda
32,Donovan,ornare.lectus.justo@tristique.ca,40,El Salvador
33,Beck,ipsum.Suspendisse@magnaUttincidunt.org,58,Malta
34,Kermit,libero.Morbi.accumsan@semperauctorMauris.edu,58,Guatemala
35,Amal,Integer.id.magna@euplacerat.edu,24,India
36,Edward,vestibulum@loremut.com,31,Northern Mariana Islands
37,Ulric,Donec@id.com,48,"Virgin Islands, British"
38,Calvin,dapibus@dolor.org,32,Curaçao
39,Christian,diam.dictum@eleifend.co.uk,46,Guatemala
40,Adam,at.sem@placerat.org,21,Gibraltar
41,Malik,lobortis.nisi@Proin.co.uk,55,Uganda
42,Malachi,velit@Cumsociisnatoque.edu,35,Pakistan
43,Jonas,cursus@eleifendnec.com,33,"Virgin Islands, British"
44,Evan,lorem.tristique@pellentesque.net,32,United Arab Emirates
45,George,Proin.velit.Sed@liberoProinmi.ca,31,Slovakia
46,Deacon,congue.turpis@auctorveliteget.org,28,French Southern Territories
47,Justin,egestas.ligula.Nullam@pedeNuncsed.com,39,Macedonia
48,Wang,primis@interdumCurabiturdictum.net,59,Indonesia
49,Philip,pulvinar.arcu@non.edu,25,Northern Mariana Islands
50,August,sociis.natoque@Craseget.com,18,"Korea, South"
51,Andrew,arcu@porttitorscelerisque.com,50,Madagascar
52,James,massa.Quisque@egestas.org,51,Nicaragua
53,Reese,eu.nulla@accumsanconvallis.co.uk,27,Croatia
54,Jameson,ut@malesuadavel.co.uk,31,Madagascar
55,Sylvester,Nunc@utquam.com,32,Indonesia
56,Lamar,elit.Aliquam.auctor@nonleo.org,45,Armenia
57,Elton,orci.Donec@magnaSuspendissetristique.co.uk,22,Fiji
58,Oscar,magnis.dis@auctor.com,28,New Zealand
59,Aidan,amet.risus.Donec@tortorat.com,36,Cuba
60,Troy,ultrices.mauris@ac.ca,38,Sri Lanka
61,Lewis,ut.molestie.in@Sed.com,48,Sudan
62,Nathan,vitae@malesuadavel.ca,28,Egypt
63,Zane,ornare@lectus.com,29,Bhutan
64,Alvin,nisi.Aenean@nequeSedeget.com,52,Argentina
65,Ivan,est@necleoMorbi.org,33,Ethiopia
66,Fulton,sit.amet.ornare@vitae.org,38,Spain
67,Macaulay,non@vulputateposuere.co.uk,40,Mexico
68,Carter,in.consequat.enim@consectetuer.net,55,Australia
69,Caldwell,lacus.Ut.nec@vehicula.edu,43,Taiwan
70,Chandler,neque@arcuet.com,44,Saint Pierre and Miquelon
71,Gavin,nec@liberoet.com,26,Congo (Brazzaville)
72,Leroy,risus@duiaugue.org,29,British Indian Ocean Territory
73,Alvin,faucibus@musProinvel.org,47,Belarus
74,Upton,diam.Duis.mi@cubiliaCuraePhasellus.co.uk,56,Turks and Caicos Islands
75,Conan,nulla@Maurisblanditenim.edu,21,Pitcairn Islands
76,Malik,vulputate.velit.eu@Craseget.edu,45,Viet Nam
77,Isaiah,vulputate@massa.org,24,Estonia
78,Grant,a.sollicitudin@necmauris.org,44,Ukraine
79,Kenneth,eu.sem.Pellentesque@vitae.org,46,Canada
80,Rooney,at.augue.id@urnaNuncquis.org,29,Czech Republic
81,Bruce,accumsan.convallis.ante@montesnascetur.ca,30,Andorra
82,Ignatius,a.tortor.Nunc@vitaeeratVivamus.net,56,Svalbard and Jan Mayen Islands
83,Hall,Sed.pharetra.felis@Fuscefermentum.net,49,Timor-Leste
84,Tyler,eget@tincidunt.org,21,Suriname
85,Dorian,mattis.Integer.eu@Morbi.ca,20,Guatemala
86,Cedric,tempor.augue.ac@NuncmaurisMorbi.com,54,Fiji
87,Len,justo.sit@massaSuspendisseeleifend.net,18,Honduras
88,Ryder,ullamcorper.nisl.arcu@vitaerisus.ca,25,Kazakhstan
89,Wayne,libero@elitCurabitursed.com,19,Zimbabwe
90,Vincent,urna@Quisqueaclibero.ca,33,Italy
91,Sawyer,ultrices.mauris.ipsum@magna.net,58,Czech Republic
92,Elmo,pede.blandit.congue@turpisegestasFusce.ca,36,Saudi Arabia
93,Macon,faucibus@purus.org,46,Taiwan
94,Jonas,orci@ettristique.co.uk,25,Antarctica
95,Barrett,posuere@nuncinterdum.co.uk,19,Luxembourg
96,Abdul,iaculis.nec@tellusfaucibus.co.uk,36,Cyprus
97,Buckminster,Maecenas@velturpisAliquam.org,52,France
98,Phelan,enim@Etiam.org,42,Angola
99,Reese,Mauris@conubianostraper.co.uk,20,"Saint Helena, Ascension and Tristan da Cunha"
100,Theodore,lorem.vitae@sociosquadlitora.com,53,Guinea-Bissau