id|name|emailid|country
1|Sean|vulputate.ullamcorper.magna@Sed.edu|Uganda
2|Ishmael|Phasellus@malesuadafringilla.edu|Benin
3|Lance|scelerisque.scelerisque@cursus.co.uk|Djibouti
4|Kelly|nascetur.ridiculus@elementumduiquis.ca|Nepal
5|Preston|mollis.lectus@tellus.com|Tunisia
6|Levi|dis.parturient.montes@sit.edu|Mexico
7|Armand|bibendum.ullamcorper.Duis@blandit.co.uk|Saint Martin
8|Malik|ac.mi.eleifend@magnaa.ca|Ecuador
9|Yuli|luctus.ipsum@Proinsedturpis.co.uk|Kiribati
10|Malachi|pretium.et.rutrum@adipiscingfringillaporttitor.org|Croatia
11|Micah|consectetuer.ipsum@ornaresagittis.com|Tajikistan
12|Garrett|erat@pedesagittis.edu|Haiti
13|Reed|erat.Vivamus@elit.net|Ukraine
14|Paul|magna.Sed.eu@pedeultricesa.edu|Costa Rica
15|Dean|mollis.Integer@aliquetodioEtiam.ca|Korea, South
16|Forrest|lobortis.quam.a@dolorsit.net|Laos
17|Jared|est@risusNunc.org|Kenya
18|Cullen|nec.tempus.scelerisque@diamProindolor.net|France
19|Dane|at.velit.Cras@acmattis.net|Spain
20|Dane|felis.purus@tortornibh.org|Bonaire, Sint Eustatius and Saba
21|Jerry|congue.elit@eleifend.co.uk|Bolivia
22|Ronan|eget.tincidunt.dui@nonarcuVivamus.net|El Salvador
23|Beau|accumsan@Maecenas.org|India
24|Nero|adipiscing@vitaepurusgravida.co.uk|Myanmar
25|Mufutau|bibendum.ullamcorper@Pellentesquehabitant.co.uk|Guernsey
26|Griffin|sed.est.Nunc@netus.edu|Guyana
27|Oliver|viverra@ipsumportaelit.net|Rwanda
28|Richard|augue.scelerisque.mollis@quama.co.uk|Greenland
29|Thaddeus|ac.turpis.egestas@diamdictum.org|Serbia
30|Omar|erat.neque@purusMaecenas.ca|Mexico
31|Randall|at.iaculis.quis@Quisquefringillaeuismod.com|Gabon
32|Ivor|vitae@interdumligula.ca|Bahamas
33|Declan|accumsan.interdum.libero@Morbiquis.org|United Kingdom (Great Britain)
34|Ethan|fringilla@justonec.co.uk|Iceland
35|Duncan|id.erat.Etiam@aliquetvelvulputate.com|Tuvalu
36|Damon|pharetra.nibh@velitjustonec.edu|Comoros
37|Robert|arcu@Etiam.co.uk|Kazakhstan
38|Hu|et.magna@enimMaurisquis.net|Spain
39|Keegan|lacinia.at@anteblanditviverra.net|Netherlands
40|Yuli|venenatis@vitae.net|Palau
41|Cullen|interdum@luctus.ca|Slovenia
42|Steel|lectus.quis@elementumsemvitae.ca|Yemen
43|Axel|viverra.Donec@interdumSed.edu|Czech Republic
44|Hyatt|nec.tempus.mauris@maurisSuspendissealiquet.ca|Finland
45|Baxter|metus.Aliquam.erat@nostraper.net|Chad
46|Cole|magna.et.ipsum@acmattisvelit.org|Martinique
47|Lewis|volutpat.ornare.facilisis@neque.net|Tokelau
48|Keane|iaculis.quis.pede@ipsumleoelementum.ca|Thailand
49|Walter|vel.convallis.in@tristiqueneque.net|Uganda
50|Avram|ante@ipsumporta.ca|Nauru
51|Nathaniel|Aenean.sed@Vestibulum.com|Bolivia
52|Eaton|Nunc.mauris.Morbi@egestasnunc.edu|Bosnia and Herzegovina
53|Christopher|consectetuer@velit.co.uk|Belize
54|Patrick|magnis@parturient.net|Kazakhstan
55|Jacob|quis@euismod.edu|China
56|Benedict|Nullam.ut@nibhDonecest.net|Madagascar
57|Emmanuel|cursus@imperdietullamcorperDuis.edu|Suriname
58|Keane|convallis@sitamet.org|Chad
59|Brandon|Donec@dignissimmagna.org|Sao Tome and Principe
60|Fulton|sed.est@tellus.edu|Germany
61|Henry|odio.sagittis.semper@rutrumnon.com|Uruguay
62|Ulric|sit.amet.luctus@portaelita.org|Bermuda
63|Berk|malesuada.malesuada.Integer@magnaCras.net|Gibraltar
64|Zephania|ullamcorper.Duis@Phasellus.edu|Honduras
65|Kato|posuere@utsem.org|Romania
66|Ahmed|odio.auctor.vitae@arcu.edu|French Southern Territories
67|Jermaine|ipsum.dolor.sit@Morbimetus.ca|Saint Martin
68|Raymond|auctor@arcu.com|French Polynesia
69|Stephen|ipsum.primis@Donec.edu|Suriname
70|Daquan|penatibus.et.magnis@metusIn.org|Falkland Islands
71|Joel|bibendum@necmetus.org|British Indian Ocean Territory
72|Salvador|ipsum@ipsum.edu|Cuba
73|Charles|pede.Cum@feugiat.edu|Costa Rica
74|Ivor|in@Proin.org|Virgin Islands, United States
75|Cameron|Donec.tincidunt@Aliquamtinciduntnunc.net|Bulgaria
76|Carlos|arcu.Vivamus.sit@uterat.net|Taiwan
77|Octavius|Cum@Quisquenonummy.org|Luxembourg
78|Emmanuel|Quisque.libero@quamvelsapien.net|Guernsey
79|Charles|amet.faucibus.ut@fringillaeuismodenim.org|Pakistan
80|Forrest|Nam@vel.co.uk|Reunion
81|Carl|mattis@Nullam.edu|Tajikistan
82|Perry|a.magna@arcuVestibulum.org|Comoros
83|Caleb|felis@in.co.uk|Moldova
84|Brent|consectetuer.ipsum@inaliquetlobortis.net|Virgin Islands, United States
85|Jin|sem@euismodurnaNullam.ca|Rwanda
86|Oren|et.magnis.dis@ultricies.net|Malawi
87|Zane|ipsum.sodales@tristiquesenectuset.edu|Puerto Rico
88|Chaney|hymenaeos.Mauris@odioapurus.com|Bosnia and Herzegovina
89|Myles|Integer.id@sodales.org|Saudi Arabia
90|Geoffrey|Phasellus.nulla@elitCurabitursed.net|Uganda
91|Brian|Vestibulum.ut.eros@amet.org|Tajikistan
92|Kenyon|imperdiet.non@elitpharetra.org|Iraq
93|Clark|mus.Proin.vel@magnaCrasconvallis.ca|Heard Island and Mcdonald Islands
94|Keegan|Donec@PhasellusnullaInteger.org|Honduras
95|Flynn|a.enim.Suspendisse@magnaetipsum.org|Lesotho
96|Coby|odio.tristique.pharetra@sem.com|Saudi Arabia
97|Reece|ultrices@atortorNunc.net|Hong Kong
98|Nigel|massa.Suspendisse.eleifend@erat.ca|Dominica
99|Edward|gravida.sit.amet@velconvallis.org|Nauru
100|Geoffrey|elit@Vivamus.ca|Sint Maarten
