9344306224|Prajesh|P.O. Box 405, 511 Eu Road
9420638876|Faarooq|526-4993 Morbi St.
9864755472|Krishnaroop|P.O. Box 697, 5902 Interdum. Street
9272901305|Paavan|P.O. Box 105, 7586 Mauris. Rd.
9281845977|Sumit|401-7317 Vestibulum Rd.
9397056112|Dharmesh|P.O. Box 628, 3372 Suspendisse Avenue
9651867213|Chintamani|Ap #878-3167 Magnis Street
9562293574|Anand|6762 Eu Av.
9359466886|Gavisht|2745 Viverra. Avenue
9863206040|Dharanidhar|154-9517 Eget, Rd.
9710408186|Gangesh|P.O. Box 215, 9608 Arcu. Street
9476981544|Anu|Ap #874-1088 Ligula. Ave
9800094557|Rangan|P.O. Box 532, 2580 Facilisis, Street
9868117211|Kanha|P.O. Box 653, 1220 Fusce Street
9596820457|Udyam|Ap #437-5333 Vitae, Rd.
9028290673|Palanikumar|P.O. Box 143, 9990 Felis Ave
9651214304|Bhagaditya|P.O. Box 825, 8886 Tristique St.
9232559439|Rohit|P.O. Box 631, 243 Ultrices. Rd.
9185106984|Siddheshwar|Ap #968-693 Nunc Road
9727537436|Rahas|5717 Mauris Av.
9416042755|Girindra|P.O. Box 454, 8726 Porttitor Rd.
9915082873|Navnit|529-3407 Scelerisque St.
9123027595|Shashidhar|503-9524 Pede. Av.
9695398442|Vrajamohan|P.O. Box 437, 4898 Lacus. St.
9495234708|Manas|Ap #193-4775 Purus. St.
9412009595|Kuberchand|172 Aliquet Ave
9942088370|Shashanka|984-5199 Convallis Av.
9922479625|Nabhi|884-459 Egestas. Avenue
9965487890|Kashinath|Ap #457-5908 Curabitur Rd.
9829741069|Jeemutbahan|Ap #910-5111 Tortor, Road
9629640212|Bhim|8437 Egestas St.
9529189490|Raj|875-2968 Quis, Street
9714242830|Palani|Ap #313-2526 Sagittis St.
9664127799|Sudip|102-1492 Id, Road
9623560476|Pradosh|9891 Sit Road
9494077673|Khalid|721-4867 Sem St.
9178761794|Sachetan|Ap #307-2752 Egestas. Street
9016548227|Rizvan|882 Mauris Road
9375484519|Jaichand|9337 Bibendum. Road
9662687596|Ananda|Ap #533-6632 Porttitor Street
9362663176|Achyut|P.O. Box 262, 4794 Integer St.
9984717601|Sutej|4883 Vel, Road
9443028116|Sandananda|P.O. Box 729, 1790 Molestie. Road
9897420172|Tirtha|P.O. Box 344, 8930 Curae; Av.
9475130204|Namasyu|1187 Primis St.
9948040952|Sumeet|P.O. Box 211, 3058 Eros Rd.
9132807687|Fatik|P.O. Box 279, 228 Orci St.
9383628189|Nidhish|8321 Tempor Avenue
9624644539|Kartik|6967 Mollis Ave
9935533212|Narun|252 Nunc. Street
9950154743|Vidyut|182-2116 Sed, Road
9637730975|Yadunath|901-7962 Vitae Av.
9111616557|Haridas|Ap #177-693 Et Rd.
9338468974|Edhas|935-4751 Magna. Rd.
9483112007|Indeever|Ap #102-8523 Neque St.
9726203289|Punyabrata|Ap #961-8475 Augue St.
9591251797|Anbu|444-7286 Suspendisse Av.
9154213366|Drupad|Ap #346-1480 Magna. St.
9209659040|Narendra|P.O. Box 473, 2012 Mi Road
9860433864|Balachandrav|Ap #229-3800 Torquent Ave
9951538680|Anurag|Ap #129-1274 Mattis. Avenue
9543284266|Bankim|658-5725 Nunc. Street
9819498515|Palash|480-3544 Nunc Av.
9952211716|Sheetal|Ap #876-5007 Ante. St.
9079197465|Achintya|8090 Sed Street
9782597354|Tejas|483 Nisi St.
9389680615|Ratul|912 Rutrum Ave
9605890061|Kanu|Ap #869-572 Auctor Street
9970084887|Himnish|581-5042 Eget, Ave
9254891600|Girik|5640 Dictum Av.
9484753217|Parijat|8630 Id, St.
9252794630|Martand|8304 Felis. St.
9187070759|Adwaya|795-4082 Arcu Street
9299891615|Harshal|P.O. Box 112, 2606 Turpis Av.
9355806971|Harihar|Ap #743-9419 Tincidunt Street
9746709802|Prashanta|8646 Est Av.
9945600771|Kandarpa|Ap #308-1171 Vitae Street
9252487136|Prabhat|9120 Ullamcorper, Road
9617969219|Chandrak|110-6042 Enim. St.
9062479291|Kulbhushan|429-1821 Mus. St.
9555716473|Dalajit|Ap #779-2000 Pede, Street
9812648071|Ranjeet|9442 Non, Rd.
9724023617|Basanta|Ap #479-8841 Vitae Ave
9602360952|Bindusar|3278 Eleifend St.
9330496572|Theeran|P.O. Box 427, 4709 Nisi. Rd.
9908664655|Kailas|P.O. Box 510, 622 A St.
9593956438|Amanda|Ap #622-9557 Convallis St.
9732382039|Monish|928-4974 Facilisis. Rd.
9920024571|Manyu|P.O. Box 335, 1595 Velit. Rd.
9549280690|Naman|Ap #499-9104 Tortor. Road
9806845718|Lankesh|Ap #207-2804 Arcu Street
9273159317|Krishnadeva|P.O. Box 899, 3397 Et Street
9822526326|Manish|P.O. Box 978, 7842 Lobortis St.
9569000388|Lakshman|Ap #764-7118 Sed St.
9805989626|Sujan|6076 Lorem Avenue
9383811924|Paranjay|Ap #964-4291 Nullam Ave
9024538084|Vyomesh|Ap #847-3975 Erat. Rd.
9786789803|Nishok|361 Magna. Ave
9982573544|Dalapathi|Ap #952-2309 Donec St.
9268398376|Razak|2364 In St.