3-3-1971 1:38|/shuttle/missions/sts-71/images/images.html
3-5-1969 4:47|/htbin/cdt_main.pl
3-8-1967 7:56|/shuttle/missions/sts-71/sts-71-patch-small.gif
3-10-1965 11:05|/
3-13-1963 14:14|/images/ksclogo-medium.gif
3-15-1961 17:23|/shuttle/missions/sts-71/images/KSC-95EC-0423.gif
3-18-1959 20:32|/images/MOSAIC-logosmall.gif
3-20-1957 23:41|/images/USA-logosmall.gif
3-24-1955 2:50|/shuttle/missions/sts-71/images/KSC-95EC-0423.txt
3-26-1953 5:59|/shuttle/countdown/images/countclock.gif
3-29-1951 9:08|/images/NASA-logosmall.gif
3-31-1949 12:17|/images/WORLD-logosmall.gif
4-3-1947 15:26|/images/launch-logo.gif
4-5-1945 18:35|/shuttle/missions/sts-37/sts-37-patch-small.gif
4-8-1943 21:44|/history/apollo/apollo-13-movies/apo13damage.mpg
4-11-1941 0:53|/shuttle/countdown/liftoff.html
4-14-1939 4:02|/whats-new.html
4-16-1937 7:11|/shuttle/missions/sts-71/images/index71.gif
4-19-1935 10:20|/images/whatsnew.gif
4-21-1933 13:29|/
4-24-1931 16:38|/images/ksclogo-medium.gif
4-26-1929 19:47|/images/NASA-logosmall.gif
4-29-1927 22:56|/images/MOSAIC-logosmall.gif
5-2-1925 2:05|/images/USA-logosmall.gif
5-5-1923 5:14|/images/WORLD-logosmall.gif
5-7-1921 8:23|/software/winvn/winvn.html
5-10-1919 11:32|/software/winvn/winvn.gif
5-12-1917 14:41|/images/construct.gif
5-15-1915 17:50|/software/winvn/bluemarb.gif
5-17-1913 20:59|/htbin/cdt_clock.pl
5-21-1911 0:08|/htbin/cdt_main.pl
5-23-1909 3:17|/images/NASA-logosmall.gif
1-16-2005 20:06|/shuttle/countdown/images/countclock.gif
6-1-2006 10:06|/software/winvn/wvsmall.gif
10-15-2007 0:06|/images/NASA-logosmall.gif
2-26-2009 14:06|/images/KSC-logosmall.gif
7-12-2010 4:06|/images/MOSAIC-logosmall.gif
11-24-2011 18:06|/images/shuttle-patch-small.gif
4-8-2013 8:06|/history/history.html
8-21/2014 22:06|/images/USA-logosmall.gif
1-4-2016 12:06|/history/apollo/images/apollo-small.gif
5-19-2017 2:06|/images/NASA-logosmall.gif
4-8-1943 21:44|/images/WORLD-logosmall.gif
3-15-1961 17:23|/shuttle/technology/sts-newsref/stsref-toc.html
2-20-1979 13:02|/shuttle/missions/sts-70/images/index70.gif
1-27-1997 8:42|/images/KSC-logosmall.gif
1-4-2015 4:21|/images/launch-logo.gif
12-11-2032 0:00|/shuttle/missions/missions.html
11-17-2050 19:39|/images/launchmedium.gif
10-24-2068 15:18|/software/winvn/winvn.html
10-1-2086 10:57|/software/winvn/winvn.gif
9-8-2104 6:36|/images/construct.gif
8-16-2122 2:16|/software/winvn/bluemarb.gif
7-22-2140 21:55|/software/winvn/wvsmall.gif
6-29-2158 17:34|/shuttle/countdown/images/countclock.jpeg
6-5-2176 13:13|/images/KSC-logosmall.gif
5-13-2194 8:52|/shuttle/technology/sts-newsref/sts_asm.html
4-20-2212 4:31|/shuttle/technology/images/srb_mod_compare_6-small.gif
3-15-1961 17:23|/shuttle/missions/sts-69-mission-sts-69.html
3-18-1959 20:32|/history/history.html
3-20-1957 23:41|/shuttle/missions/sts-69-sts-69-patch-small.gif
3-24-1955 2:50|/images/KSC-logosmall.gif
3-26-1953 5:59|/history/apollo/images/apollo-logo1.gif
3-29-1951 9:08|/history/skylab/skylab-small.gif
3-31-1949 12:17|/history/skylab/skylab-4.html
4-3-1947 15:26|/shuttle/missions/sts-71-movies/movies.html
4-5-1945 18:35|/shuttle/missions/sts-71-images/images.html
4-8-1943 21:44|/htbin/cdt_main.pl
4-11-1941 0:53|/shuttle/missions/sts-71-sts-71-patch-small.gif
4-14-1939 4:02|/
4-16-1937 7:11|/shuttle/missions/sts-69-mission-sts-69.html
4-19-1935 10:20|/history/history.html
4-21-1933 13:29|/shuttle/missions/sts-69-sts-69-patch-small.gif
4-24-1931 16:38|/images/KSC-logosmall.gif
4-26-1929 19:47|/history/apollo/images/apollo-logo1.gif
9-8-2104 6:36|/history/skylab/skylab-small.gif
